cookies (1).png,0
cookies (10).png,0
cookies (100).png,0
cookies (101).png,0
cookies (102).png,0
cookies (103).png,0
cookies (104).png,0
cookies (105).png,0
cookies (106).png,0
cookies (107).png,0
cookies (108).png,0
cookies (109).png,0
cookies (11).png,0
cookies (110).png,0
cookies (111).png,0
cookies (112).png,0
cookies (113).png,0
cookies (114).png,0
cookies (115).png,0
cookies (116).png,0
cookies (117).png,0
cookies (118).png,0
cookies (119).png,0
cookies (12).png,0
cookies (120).png,0
cookies (121).png,0
cookies (122).png,0
cookies (123).png,0
cookies (124).png,0
cookies (125).png,0
cookies (126).png,0
cookies (127).png,0
cookies (128).png,0
cookies (129).png,0
cookies (13).png,0
cookies (130).png,0
cookies (131).png,0
cookies (132).png,0
cookies (133).png,0
cookies (134).png,0
cookies (135).png,0
cookies (136).png,0
cookies (137).png,0
cookies (138).png,0
cookies (139).png,0
cookies (14).png,0
cookies (140).png,0
cookies (141).png,0
cookies (142).png,0
cookies (143).png,0
cookies (144).png,0
cookies (145).png,0
cookies (146).png,0
cookies (147).png,0
cookies (148).png,0
cookies (149).png,0
cookies (15).png,0
cookies (150).png,0
cookies (151).png,0
cookies (152).png,0
cookies (153).png,0
cookies (154).png,0
cookies (155).png,0
cookies (156).png,0
cookies (157).png,0
cookies (158).png,0
cookies (159).png,0
cookies (16).png,0
cookies (160).png,0
cookies (161).png,0
cookies (162).png,0
cookies (163).png,0
cookies (164).png,0
cookies (165).png,0
cookies (166).png,0
cookies (167).png,0
cookies (168).png,0
cookies (169).png,0
cookies (17).png,0
cookies (170).png,0
cookies (171).png,0
cookies (172).png,0
cookies (173).png,0
cookies (174).png,0
cookies (175).png,0
cookies (176).png,0
cookies (177).png,0
cookies (178).png,0
cookies (179).png,0
cookies (18).png,0
cookies (180).png,0
cookies (181).png,0
cookies (182).png,0
cookies (183).png,0
cookies (184).png,0
cookies (185).png,0
cookies (186).png,0
cookies (187).png,0
cookies (188).png,0
cookies (189).png,0
cookies (19).png,0
cookies (190).png,0
cookies (191).png,0
cookies (192).png,0
cookies (193).png,0
cookies (194).png,0
cookies (195).png,0
cookies (196).png,0
cookies (197).png,0
cookies (198).png,0
cookies (199).png,0
cookies (2).png,0
cookies (20).png,0
cookies (200).png,0
cookies (201).png,0
cookies (202).png,0
cookies (203).png,0
cookies (204).png,0
cookies (205).png,0
cookies (206).png,0
cookies (207).png,0
cookies (208).png,0
cookies (209).png,0
cookies (21).png,0
cookies (210).png,0
cookies (211).png,0
cookies (212).png,0
cookies (213).png,0
cookies (214).png,0
cookies (215).png,0
cookies (216).png,0
cookies (217).png,0
cookies (218).png,0
cookies (219).png,0
cookies (22).png,0
cookies (220).png,0
cookies (221).png,0
cookies (222).png,0
cookies (223).png,0
cookies (224).png,0
cookies (225).png,0
cookies (226).png,0
cookies (227).png,0
cookies (228).png,0
cookies (229).png,0
cookies (23).png,0
cookies (230).png,0
cookies (231).png,0
cookies (232).png,0
cookies (233).png,0
cookies (234).png,0
cookies (235).png,0
cookies (236).png,0
cookies (237).png,0
cookies (238).png,0
cookies (239).png,0
cookies (24).png,0
cookies (240).png,0
cookies (241).png,0
cookies (242).png,0
cookies (243).png,0
cookies (244).png,0
cookies (245).png,0
cookies (246).png,0
cookies (247).png,0
cookies (248).png,0
cookies (249).png,0
cookies (25).png,0
cookies (250).png,0
cookies (251).png,0
cookies (252).png,0
cookies (253).png,0
cookies (254).png,0
cookies (255).png,0
cookies (256).png,0
cookies (257).png,0
cookies (258).png,0
cookies (259).png,0
cookies (26).png,0
cookies (260).png,0
cookies (261).png,0
cookies (262).png,0
cookies (263).png,0
cookies (264).png,0
cookies (265).png,0
cookies (266).png,0
cookies (267).png,0
cookies (268).png,0
cookies (269).png,0
cookies (27).png,0
cookies (270).png,0
cookies (271).png,0
cookies (272).png,0
cookies (273).png,0
cookies (274).png,0
cookies (275).png,0
cookies (276).png,0
cookies (277).png,0
cookies (278).png,0
cookies (279).png,0
cookies (28).png,0
cookies (280).png,0
cookies (281).png,0
cookies (282).png,0
cookies (283).png,0
cookies (284).png,0
cookies (285).png,0
cookies (286).png,0
cookies (287).png,0
cookies (288).png,0
cookies (289).png,0
cookies (29).png,0
cookies (290).png,0
cookies (291).png,0
cookies (292).png,0
cookies (293).png,0
cookies (294).png,0
cookies (295).png,0
cookies (296).png,0
cookies (297).png,0
cookies (298).png,0
cookies (299).png,0
cookies (3).png,0
cookies (30).png,0
cookies (300).png,0
cookies (301).png,0
cookies (302).png,0
cookies (303).png,0
cookies (304).png,0
cookies (305).png,0
cookies (306).png,0
cookies (307).png,0
cookies (308).png,0
cookies (309).png,0
cookies (31).png,0
cookies (310).png,0
cookies (311).png,0
cookies (312).png,0
cookies (313).png,0
cookies (314).png,0
cookies (315).png,0
cookies (316).png,0
cookies (317).png,0
cookies (318).png,0
cookies (319).png,0
cookies (32).png,0
cookies (320).png,0
cookies (321).png,0
cookies (322).png,0
cookies (323).png,0
cookies (324).png,0
cookies (325).png,0
cookies (326).png,0
cookies (327).png,0
cookies (328).png,0
cookies (329).png,0
cookies (33).png,0
cookies (330).png,0
cookies (331).png,0
cookies (332).png,0
cookies (333).png,0
cookies (334).png,0
cookies (335).png,0
cookies (336).png,0
cookies (337).png,0
cookies (338).png,0
cookies (339).png,0
cookies (34).png,0
cookies (340).png,0
cookies (341).png,0
cookies (342).png,0
cookies (343).png,0
cookies (344).png,0
cookies (345).png,0
cookies (346).png,0
cookies (347).png,0
cookies (348).png,0
cookies (349).png,0
cookies (35).png,0
cookies (350).png,0
cookies (351).png,0
cookies (352).png,0
cookies (353).png,0
cookies (354).png,0
cookies (355).png,0
cookies (356).png,0
cookies (357).png,0
cookies (358).png,0
cookies (359).png,0
cookies (36).png,0
cookies (360).png,0
cookies (361).png,0
cookies (362).png,0
cookies (363).png,0
cookies (364).png,0
cookies (365).png,0
cookies (366).png,0
cookies (367).png,0
cookies (368).png,0
cookies (369).png,0
cookies (37).png,0
cookies (370).png,0
cookies (371).png,0
cookies (372).png,0
cookies (373).png,0
cookies (374).png,0
cookies (375).png,0
cookies (376).png,0
cookies (377).png,0
cookies (378).png,0
cookies (379).png,0
cookies (38).png,0
cookies (380).png,0
cookies (381).png,0
cookies (382).png,0
cookies (383).png,0
cookies (384).png,0
cookies (385).png,0
cookies (386).png,0
cookies (387).png,0
cookies (388).png,0
cookies (389).png,0
cookies (39).png,0
cookies (390).png,0
cookies (391).png,0
cookies (392).png,0
cookies (393).png,0
cookies (394).png,0
cookies (395).png,0
cookies (396).png,0
cookies (397).png,0
cookies (398).png,0
cookies (399).png,0
cookies (4).png,0
cookies (40).png,0
cookies (400).png,0
cookies (401).png,0
cookies (402).png,0
cookies (403).png,0
cookies (404).png,0
cookies (405).png,0
cookies (406).png,0
cookies (407).png,0
cookies (408).png,0
cookies (409).png,0
cookies (41).png,0
cookies (410).png,0
cookies (411).png,0
cookies (412).png,0
cookies (413).png,0
cookies (414).png,0
cookies (415).png,0
cookies (42).png,0
cookies (43).png,0
cookies (44).png,0
cookies (45).png,0
cookies (46).png,0
cookies (47).png,0
cookies (48).png,0
cookies (49).png,0
cookies (5).png,0
cookies (50).png,0
cookies (51).png,0
cookies (52).png,0
cookies (53).png,0
cookies (54).png,0
cookies (55).png,0
cookies (56).png,0
cookies (57).png,0
cookies (58).png,0
cookies (59).png,0
cookies (6).png,0
cookies (60).png,0
cookies (61).png,0
cookies (62).png,0
cookies (63).png,0
cookies (64).png,0
cookies (65).png,0
cookies (66).png,0
cookies (67).png,0
cookies (68).png,0
cookies (69).png,0
cookies (7).png,0
cookies (70).png,0
cookies (71).png,0
cookies (72).png,0
cookies (73).png,0
cookies (74).png,0
cookies (75).png,0
cookies (76).png,0
cookies (77).png,0
cookies (78).png,0
cookies (79).png,0
cookies (8).png,0
cookies (80).png,0
cookies (81).png,0
cookies (82).png,0
cookies (83).png,0
cookies (84).png,0
cookies (85).png,0
cookies (86).png,0
cookies (87).png,0
cookies (88).png,0
cookies (89).png,0
cookies (9).png,0
cookies (90).png,0
cookies (91).png,0
cookies (92).png,0
cookies (93).png,0
cookies (94).png,0
cookies (95).png,0
cookies (96).png,0
cookies (97).png,0
cookies (98).png,0
cookies (99).png,0
presents (1).png,1
presents (10).png,1
presents (100).png,1
presents (101).png,1
presents (102).png,1
presents (103).png,1
presents (104).png,1
presents (105).png,1
presents (106).png,1
presents (107).png,1
presents (108).png,1
presents (109).png,1
presents (11).png,1
presents (110).png,1
presents (111).png,1
presents (112).png,1
presents (113).png,1
presents (114).png,1
presents (115).png,1
presents (116).png,1
presents (117).png,1
presents (118).png,1
presents (119).png,1
presents (12).png,1
presents (120).png,1
presents (121).png,1
presents (122).png,1
presents (123).png,1
presents (124).png,1
presents (125).png,1
presents (126).png,1
presents (127).png,1
presents (128).png,1
presents (129).png,1
presents (13).png,1
presents (130).png,1
presents (131).png,1
presents (132).png,1
presents (133).png,1
presents (134).png,1
presents (135).png,1
presents (136).png,1
presents (137).png,1
presents (138).png,1
presents (139).png,1
presents (14).png,1
presents (140).png,1
presents (141).png,1
presents (142).png,1
presents (143).png,1
presents (144).png,1
presents (145).png,1
presents (146).png,1
presents (147).png,1
presents (148).png,1
presents (149).png,1
presents (15).png,1
presents (150).png,1
presents (151).png,1
presents (152).png,1
presents (153).png,1
presents (154).png,1
presents (155).png,1
presents (156).png,1
presents (157).png,1
presents (158).png,1
presents (159).png,1
presents (16).png,1
presents (160).png,1
presents (161).png,1
presents (162).png,1
presents (163).png,1
presents (164).png,1
presents (165).png,1
presents (166).png,1
presents (167).png,1
presents (168).png,1
presents (169).png,1
presents (17).png,1
presents (170).png,1
presents (171).png,1
presents (172).png,1
presents (173).png,1
presents (174).png,1
presents (175).png,1
presents (176).png,1
presents (177).png,1
presents (178).png,1
presents (179).png,1
presents (18).png,1
presents (180).png,1
presents (181).png,1
presents (182).png,1
presents (183).png,1
presents (184).png,1
presents (185).png,1
presents (186).png,1
presents (187).png,1
presents (188).png,1
presents (189).png,1
presents (19).png,1
presents (190).png,1
presents (191).png,1
presents (192).png,1
presents (193).png,1
presents (194).png,1
presents (195).png,1
presents (196).png,1
presents (197).png,1
presents (198).png,1
presents (199).png,1
presents (2).png,1
presents (20).png,1
presents (200).png,1
presents (201).png,1
presents (202).png,1
presents (203).png,1
presents (204).png,1
presents (205).png,1
presents (206).png,1
presents (207).png,1
presents (208).png,1
presents (209).png,1
presents (21).png,1
presents (210).png,1
presents (211).png,1
presents (212).png,1
presents (213).png,1
presents (214).png,1
presents (215).png,1
presents (216).png,1
presents (217).png,1
presents (218).png,1
presents (219).png,1
presents (22).png,1
presents (220).png,1
presents (221).png,1
presents (222).png,1
presents (223).png,1
presents (224).png,1
presents (225).png,1
presents (226).png,1
presents (227).png,1
presents (228).png,1
presents (229).png,1
presents (23).png,1
presents (230).png,1
presents (231).png,1
presents (232).png,1
presents (233).png,1
presents (234).png,1
presents (235).png,1
presents (236).png,1
presents (237).png,1
presents (238).png,1
presents (239).png,1
presents (24).png,1
presents (240).png,1
presents (241).png,1
presents (242).png,1
presents (243).png,1
presents (244).png,1
presents (245).png,1
presents (246).png,1
presents (247).png,1
presents (248).png,1
presents (249).png,1
presents (25).png,1
presents (250).png,1
presents (251).png,1
presents (252).png,1
presents (253).png,1
presents (254).png,1
presents (255).png,1
presents (256).png,1
presents (257).png,1
presents (258).png,1
presents (259).png,1
presents (26).png,1
presents (260).png,1
presents (261).png,1
presents (262).png,1
presents (263).png,1
presents (264).png,1
presents (265).png,1
presents (266).png,1
presents (267).png,1
presents (268).png,1
presents (269).png,1
presents (27).png,1
presents (270).png,1
presents (271).png,1
presents (272).png,1
presents (273).png,1
presents (274).png,1
presents (275).png,1
presents (276).png,1
presents (277).png,1
presents (278).png,1
presents (279).png,1
presents (28).png,1
presents (280).png,1
presents (281).png,1
presents (282).png,1
presents (283).png,1
presents (284).png,1
presents (285).png,1
presents (286).png,1
presents (287).png,1
presents (288).png,1
presents (289).png,1
presents (29).png,1
presents (290).png,1
presents (291).png,1
presents (292).png,1
presents (293).png,1
presents (294).png,1
presents (295).png,1
presents (296).png,1
presents (297).png,1
presents (298).png,1
presents (299).png,1
presents (3).png,1
presents (30).png,1
presents (300).png,1
presents (301).png,1
presents (302).png,1
presents (303).png,1
presents (304).png,1
presents (305).png,1
presents (306).png,1
presents (307).png,1
presents (308).png,1
presents (309).png,1
presents (31).png,1
presents (310).png,1
presents (311).png,1
presents (312).png,1
presents (313).png,1
presents (314).png,1
presents (315).png,1
presents (316).png,1
presents (317).png,1
presents (318).png,1
presents (319).png,1
presents (32).png,1
presents (320).png,1
presents (321).png,1
presents (322).png,1
presents (323).png,1
presents (324).png,1
presents (325).png,1
presents (326).png,1
presents (327).png,1
presents (328).png,1
presents (329).png,1
presents (33).png,1
presents (330).png,1
presents (331).png,1
presents (332).png,1
presents (333).png,1
presents (334).png,1
presents (335).png,1
presents (336).png,1
presents (337).png,1
presents (338).png,1
presents (339).png,1
presents (34).png,1
presents (340).png,1
presents (341).png,1
presents (342).png,1
presents (343).png,1
presents (344).png,1
presents (345).png,1
presents (346).png,1
presents (347).png,1
presents (348).png,1
presents (349).png,1
presents (35).png,1
presents (350).png,1
presents (351).png,1
presents (352).png,1
presents (353).png,1
presents (354).png,1
presents (355).png,1
presents (356).png,1
presents (357).png,1
presents (358).png,1
presents (359).png,1
presents (36).png,1
presents (360).png,1
presents (361).png,1
presents (362).png,1
presents (363).png,1
presents (364).png,1
presents (365).png,1
presents (366).png,1
presents (367).png,1
presents (368).png,1
presents (369).png,1
presents (37).png,1
presents (370).png,1
presents (371).png,1
presents (372).png,1
presents (373).png,1
presents (374).png,1
presents (375).png,1
presents (376).png,1
presents (377).png,1
presents (378).png,1
presents (38).png,1
presents (39).png,1
presents (4).png,1
presents (40).png,1
presents (41).png,1
presents (42).png,1
presents (43).png,1
presents (44).png,1
presents (45).png,1
presents (46).png,1
presents (47).png,1
presents (48).png,1
presents (49).png,1
presents (5).png,1
presents (50).png,1
presents (51).png,1
presents (52).png,1
presents (53).png,1
presents (54).png,1
presents (55).png,1
presents (56).png,1
presents (57).png,1
presents (58).png,1
presents (59).png,1
presents (6).png,1
presents (60).png,1
presents (61).png,1
presents (62).png,1
presents (63).png,1
presents (64).png,1
presents (65).png,1
presents (66).png,1
presents (67).png,1
presents (68).png,1
presents (69).png,1
presents (7).png,1
presents (70).png,1
presents (71).png,1
presents (72).png,1
presents (73).png,1
presents (74).png,1
presents (75).png,1
presents (76).png,1
presents (77).png,1
presents (78).png,1
presents (79).png,1
presents (8).png,1
presents (80).png,1
presents (81).png,1
presents (82).png,1
presents (83).png,1
presents (84).png,1
presents (85).png,1
presents (86).png,1
presents (87).png,1
presents (88).png,1
presents (89).png,1
presents (9).png,1
presents (90).png,1
presents (91).png,1
presents (92).png,1
presents (93).png,1
presents (94).png,1
presents (95).png,1
presents (96).png,1
presents (97).png,1
presents (98).png,1
presents (99).png,1
tree (1).png,2
tree (10).png,2
tree (100).png,2
tree (101).png,2
tree (102).png,2
tree (103).png,2
tree (104).png,2
tree (105).png,2
tree (106).png,2
tree (107).png,2
tree (108).png,2
tree (109).png,2
tree (11).png,2
tree (110).png,2
tree (111).png,2
tree (112).png,2
tree (113).png,2
tree (114).png,2
tree (115).png,2
tree (116).png,2
tree (117).png,2
tree (118).png,2
tree (119).png,2
tree (12).png,2
tree (120).png,2
tree (121).png,2
tree (122).png,2
tree (123).png,2
tree (124).png,2
tree (125).png,2
tree (126).png,2
tree (127).png,2
tree (128).png,2
tree (129).png,2
tree (13).png,2
tree (130).png,2
tree (131).png,2
tree (132).png,2
tree (133).png,2
tree (134).png,2
tree (135).png,2
tree (136).png,2
tree (137).png,2
tree (138).png,2
tree (139).png,2
tree (14).png,2
tree (140).png,2
tree (141).png,2
tree (142).png,2
tree (143).png,2
tree (144).png,2
tree (145).png,2
tree (146).png,2
tree (147).png,2
tree (148).png,2
tree (149).png,2
tree (15).png,2
tree (150).png,2
tree (151).png,2
tree (152).png,2
tree (153).png,2
tree (154).png,2
tree (155).png,2
tree (156).png,2
tree (157).png,2
tree (158).png,2
tree (159).png,2
tree (16).png,2
tree (160).png,2
tree (161).png,2
tree (162).png,2
tree (163).png,2
tree (164).png,2
tree (165).png,2
tree (166).png,2
tree (167).png,2
tree (168).png,2
tree (169).png,2
tree (17).png,2
tree (170).png,2
tree (171).png,2
tree (172).png,2
tree (173).png,2
tree (174).png,2
tree (175).png,2
tree (176).png,2
tree (177).png,2
tree (178).png,2
tree (179).png,2
tree (18).png,2
tree (180).png,2
tree (181).png,2
tree (182).png,2
tree (183).png,2
tree (184).png,2
tree (185).png,2
tree (186).png,2
tree (187).png,2
tree (188).png,2
tree (189).png,2
tree (19).png,2
tree (190).png,2
tree (191).png,2
tree (192).png,2
tree (193).png,2
tree (194).png,2
tree (195).png,2
tree (196).png,2
tree (197).png,2
tree (198).png,2
tree (199).png,2
tree (2).png,2
tree (20).png,2
tree (200).png,2
tree (201).png,2
tree (202).png,2
tree (203).png,2
tree (204).png,2
tree (205).png,2
tree (206).png,2
tree (207).png,2
tree (208).png,2
tree (209).png,2
tree (21).png,2
tree (210).png,2
tree (211).png,2
tree (212).png,2
tree (213).png,2
tree (214).png,2
tree (215).png,2
tree (216).png,2
tree (217).png,2
tree (218).png,2
tree (219).png,2
tree (22).png,2
tree (220).png,2
tree (221).png,2
tree (222).png,2
tree (223).png,2
tree (224).png,2
tree (225).png,2
tree (226).png,2
tree (227).png,2
tree (228).png,2
tree (229).png,2
tree (23).png,2
tree (230).png,2
tree (231).png,2
tree (232).png,2
tree (233).png,2
tree (234).png,2
tree (235).png,2
tree (236).png,2
tree (237).png,2
tree (238).png,2
tree (239).png,2
tree (24).png,2
tree (240).png,2
tree (241).png,2
tree (242).png,2
tree (243).png,2
tree (244).png,2
tree (245).png,2
tree (246).png,2
tree (247).png,2
tree (248).png,2
tree (249).png,2
tree (25).png,2
tree (250).png,2
tree (251).png,2
tree (252).png,2
tree (253).png,2
tree (254).png,2
tree (255).png,2
tree (256).png,2
tree (257).png,2
tree (258).png,2
tree (259).png,2
tree (26).png,2
tree (260).png,2
tree (261).png,2
tree (262).png,2
tree (263).png,2
tree (264).png,2
tree (265).png,2
tree (266).png,2
tree (267).png,2
tree (268).png,2
tree (269).png,2
tree (27).png,2
tree (270).png,2
tree (271).png,2
tree (272).png,2
tree (273).png,2
tree (274).png,2
tree (275).png,2
tree (276).png,2
tree (277).png,2
tree (278).png,2
tree (279).png,2
tree (28).png,2
tree (280).png,2
tree (281).png,2
tree (282).png,2
tree (283).png,2
tree (284).png,2
tree (285).png,2
tree (286).png,2
tree (287).png,2
tree (288).png,2
tree (289).png,2
tree (29).png,2
tree (290).png,2
tree (291).png,2
tree (292).png,2
tree (293).png,2
tree (294).png,2
tree (295).png,2
tree (296).png,2
tree (297).png,2
tree (298).png,2
tree (299).png,2
tree (3).png,2
tree (30).png,2
tree (300).png,2
tree (301).png,2
tree (302).png,2
tree (303).png,2
tree (304).png,2
tree (305).png,2
tree (306).png,2
tree (307).png,2
tree (308).png,2
tree (309).png,2
tree (31).png,2
tree (310).png,2
tree (311).png,2
tree (312).png,2
tree (313).png,2
tree (314).png,2
tree (315).png,2
tree (316).png,2
tree (317).png,2
tree (318).png,2
tree (319).png,2
tree (32).png,2
tree (320).png,2
tree (321).png,2
tree (322).png,2
tree (323).png,2
tree (324).png,2
tree (325).png,2
tree (326).png,2
tree (327).png,2
tree (328).png,2
tree (329).png,2
tree (33).png,2
tree (330).png,2
tree (331).png,2
tree (332).png,2
tree (333).png,2
tree (334).png,2
tree (335).png,2
tree (336).png,2
tree (337).png,2
tree (338).png,2
tree (339).png,2
tree (34).png,2
tree (340).png,2
tree (341).png,2
tree (342).png,2
tree (343).png,2
tree (344).png,2
tree (345).png,2
tree (346).png,2
tree (347).png,2
tree (348).png,2
tree (349).png,2
tree (35).png,2
tree (350).png,2
tree (351).png,2
tree (352).png,2
tree (353).png,2
tree (354).png,2
tree (355).png,2
tree (356).png,2
tree (357).png,2
tree (358).png,2
tree (359).png,2
tree (36).png,2
tree (360).png,2
tree (361).png,2
tree (362).png,2
tree (363).png,2
tree (364).png,2
tree (365).png,2
tree (366).png,2
tree (367).png,2
tree (368).png,2
tree (369).png,2
tree (37).png,2
tree (370).png,2
tree (371).png,2
tree (372).png,2
tree (373).png,2
tree (374).png,2
tree (375).png,2
tree (376).png,2
tree (377).png,2
tree (378).png,2
tree (379).png,2
tree (38).png,2
tree (380).png,2
tree (381).png,2
tree (382).png,2
tree (383).png,2
tree (384).png,2
tree (385).png,2
tree (386).png,2
tree (387).png,2
tree (388).png,2
tree (389).png,2
tree (39).png,2
tree (390).png,2
tree (391).png,2
tree (392).png,2
tree (393).png,2
tree (394).png,2
tree (395).png,2
tree (396).png,2
tree (397).png,2
tree (398).png,2
tree (399).png,2
tree (4).png,2
tree (40).png,2
tree (400).png,2
tree (401).png,2
tree (402).png,2
tree (403).png,2
tree (404).png,2
tree (405).png,2
tree (406).png,2
tree (407).png,2
tree (408).png,2
tree (409).png,2
tree (41).png,2
tree (410).png,2
tree (411).png,2
tree (412).png,2
tree (413).png,2
tree (414).png,2
tree (415).png,2
tree (416).png,2
tree (417).png,2
tree (418).png,2
tree (419).png,2
tree (42).png,2
tree (420).png,2
tree (421).png,2
tree (422).png,2
tree (423).png,2
tree (424).png,2
tree (425).png,2
tree (426).png,2
tree (427).png,2
tree (428).png,2
tree (429).png,2
tree (43).png,2
tree (430).png,2
tree (431).png,2
tree (432).png,2
tree (433).png,2
tree (434).png,2
tree (435).png,2
tree (436).png,2
tree (437).png,2
tree (438).png,2
tree (439).png,2
tree (44).png,2
tree (440).png,2
tree (441).png,2
tree (442).png,2
tree (443).png,2
tree (444).png,2
tree (445).png,2
tree (446).png,2
tree (447).png,2
tree (448).png,2
tree (449).png,2
tree (45).png,2
tree (450).png,2
tree (451).png,2
tree (452).png,2
tree (453).png,2
tree (454).png,2
tree (455).png,2
tree (456).png,2
tree (457).png,2
tree (458).png,2
tree (459).png,2
tree (46).png,2
tree (460).png,2
tree (461).png,2
tree (462).png,2
tree (463).png,2
tree (464).png,2
tree (465).png,2
tree (466).png,2
tree (467).png,2
tree (468).png,2
tree (469).png,2
tree (47).png,2
tree (470).png,2
tree (471).png,2
tree (472).png,2
tree (473).png,2
tree (474).png,2
tree (475).png,2
tree (476).png,2
tree (477).png,2
tree (478).png,2
tree (479).png,2
tree (48).png,2
tree (480).png,2
tree (481).png,2
tree (482).png,2
tree (483).png,2
tree (484).png,2
tree (485).png,2
tree (486).png,2
tree (487).png,2
tree (488).png,2
tree (489).png,2
tree (49).png,2
tree (490).png,2
tree (491).png,2
tree (492).png,2
tree (493).png,2
tree (494).png,2
tree (495).png,2
tree (496).png,2
tree (497).png,2
tree (498).png,2
tree (499).png,2
tree (5).png,2
tree (50).png,2
tree (500).png,2
tree (501).png,2
tree (502).png,2
tree (503).png,2
tree (504).png,2
tree (505).png,2
tree (506).png,2
tree (507).png,2
tree (508).png,2
tree (509).png,2
tree (51).png,2
tree (510).png,2
tree (511).png,2
tree (512).png,2
tree (513).png,2
tree (514).png,2
tree (515).png,2
tree (516).png,2
tree (517).png,2
tree (518).png,2
tree (519).png,2
tree (52).png,2
tree (520).png,2
tree (521).png,2
tree (522).png,2
tree (523).png,2
tree (524).png,2
tree (525).png,2
tree (526).png,2
tree (527).png,2
tree (528).png,2
tree (529).png,2
tree (53).png,2
tree (530).png,2
tree (531).png,2
tree (532).png,2
tree (533).png,2
tree (534).png,2
tree (535).png,2
tree (536).png,2
tree (537).png,2
tree (538).png,2
tree (539).png,2
tree (54).png,2
tree (540).png,2
tree (541).png,2
tree (542).png,2
tree (543).png,2
tree (544).png,2
tree (545).png,2
tree (546).png,2
tree (547).png,2
tree (548).png,2
tree (549).png,2
tree (55).png,2
tree (550).png,2
tree (551).png,2
tree (552).png,2
tree (553).png,2
tree (554).png,2
tree (555).png,2
tree (556).png,2
tree (557).png,2
tree (558).png,2
tree (559).png,2
tree (56).png,2
tree (560).png,2
tree (561).png,2
tree (562).png,2
tree (563).png,2
tree (564).png,2
tree (565).png,2
tree (566).png,2
tree (567).png,2
tree (568).png,2
tree (569).png,2
tree (57).png,2
tree (570).png,2
tree (571).png,2
tree (572).png,2
tree (573).png,2
tree (574).png,2
tree (575).png,2
tree (58).png,2
tree (59).png,2
tree (6).png,2
tree (60).png,2
tree (61).png,2
tree (62).png,2
tree (63).png,2
tree (64).png,2
tree (65).png,2
tree (66).png,2
tree (67).png,2
tree (68).png,2
tree (69).png,2
tree (7).png,2
tree (70).png,2
tree (71).png,2
tree (72).png,2
tree (73).png,2
tree (74).png,2
tree (75).png,2
tree (76).png,2
tree (77).png,2
tree (78).png,2
tree (79).png,2
tree (8).png,2
tree (80).png,2
tree (81).png,2
tree (82).png,2
tree (83).png,2
tree (84).png,2
tree (85).png,2
tree (86).png,2
tree (87).png,2
tree (88).png,2
tree (89).png,2
tree (9).png,2
tree (90).png,2
tree (91).png,2
tree (92).png,2
tree (93).png,2
tree (94).png,2
tree (95).png,2
tree (96).png,2
tree (97).png,2
tree (98).png,2
tree (99).png,2
fireworks (1).png,3
fireworks (10).png,3
fireworks (100).png,3
fireworks (101).png,3
fireworks (102).png,3
fireworks (103).png,3
fireworks (104).png,3
fireworks (105).png,3
fireworks (106).png,3
fireworks (107).png,3
fireworks (108).png,3
fireworks (109).png,3
fireworks (11).png,3
fireworks (110).png,3
fireworks (111).png,3
fireworks (112).png,3
fireworks (113).png,3
fireworks (114).png,3
fireworks (115).png,3
fireworks (116).png,3
fireworks (117).png,3
fireworks (118).png,3
fireworks (119).png,3
fireworks (12).png,3
fireworks (120).png,3
fireworks (121).png,3
fireworks (122).png,3
fireworks (123).png,3
fireworks (124).png,3
fireworks (125).png,3
fireworks (126).png,3
fireworks (127).png,3
fireworks (128).png,3
fireworks (129).png,3
fireworks (13).png,3
fireworks (130).png,3
fireworks (131).png,3
fireworks (132).png,3
fireworks (133).png,3
fireworks (134).png,3
fireworks (135).png,3
fireworks (136).png,3
fireworks (137).png,3
fireworks (138).png,3
fireworks (139).png,3
fireworks (14).png,3
fireworks (140).png,3
fireworks (141).png,3
fireworks (142).png,3
fireworks (143).png,3
fireworks (144).png,3
fireworks (145).png,3
fireworks (146).png,3
fireworks (147).png,3
fireworks (148).png,3
fireworks (149).png,3
fireworks (15).png,3
fireworks (150).png,3
fireworks (151).png,3
fireworks (152).png,3
fireworks (153).png,3
fireworks (154).png,3
fireworks (155).png,3
fireworks (156).png,3
fireworks (157).png,3
fireworks (158).png,3
fireworks (159).png,3
fireworks (16).png,3
fireworks (160).png,3
fireworks (161).png,3
fireworks (162).png,3
fireworks (163).png,3
fireworks (164).png,3
fireworks (165).png,3
fireworks (166).png,3
fireworks (167).png,3
fireworks (168).png,3
fireworks (169).png,3
fireworks (17).png,3
fireworks (170).png,3
fireworks (171).png,3
fireworks (172).png,3
fireworks (173).png,3
fireworks (174).png,3
fireworks (175).png,3
fireworks (176).png,3
fireworks (177).png,3
fireworks (178).png,3
fireworks (179).png,3
fireworks (18).png,3
fireworks (180).png,3
fireworks (181).png,3
fireworks (182).png,3
fireworks (183).png,3
fireworks (184).png,3
fireworks (185).png,3
fireworks (186).png,3
fireworks (187).png,3
fireworks (188).png,3
fireworks (189).png,3
fireworks (19).png,3
fireworks (190).png,3
fireworks (191).png,3
fireworks (192).png,3
fireworks (193).png,3
fireworks (194).png,3
fireworks (195).png,3
fireworks (196).png,3
fireworks (197).png,3
fireworks (198).png,3
fireworks (199).png,3
fireworks (2).png,3
fireworks (20).png,3
fireworks (200).png,3
fireworks (201).png,3
fireworks (202).png,3
fireworks (203).png,3
fireworks (204).png,3
fireworks (205).png,3
fireworks (206).png,3
fireworks (207).png,3
fireworks (208).png,3
fireworks (209).png,3
fireworks (21).png,3
fireworks (210).png,3
fireworks (211).png,3
fireworks (212).png,3
fireworks (213).png,3
fireworks (214).png,3
fireworks (215).png,3
fireworks (216).png,3
fireworks (217).png,3
fireworks (218).png,3
fireworks (219).png,3
fireworks (22).png,3
fireworks (220).png,3
fireworks (221).png,3
fireworks (222).png,3
fireworks (223).png,3
fireworks (224).png,3
fireworks (225).png,3
fireworks (226).png,3
fireworks (227).png,3
fireworks (228).png,3
fireworks (229).png,3
fireworks (23).png,3
fireworks (230).png,3
fireworks (231).png,3
fireworks (232).png,3
fireworks (233).png,3
fireworks (234).png,3
fireworks (235).png,3
fireworks (236).png,3
fireworks (237).png,3
fireworks (238).png,3
fireworks (239).png,3
fireworks (24).png,3
fireworks (240).png,3
fireworks (241).png,3
fireworks (242).png,3
fireworks (243).png,3
fireworks (244).png,3
fireworks (245).png,3
fireworks (246).png,3
fireworks (247).png,3
fireworks (248).png,3
fireworks (249).png,3
fireworks (25).png,3
fireworks (250).png,3
fireworks (251).png,3
fireworks (252).png,3
fireworks (253).png,3
fireworks (254).png,3
fireworks (255).png,3
fireworks (256).png,3
fireworks (257).png,3
fireworks (258).png,3
fireworks (259).png,3
fireworks (26).png,3
fireworks (260).png,3
fireworks (261).png,3
fireworks (262).png,3
fireworks (263).png,3
fireworks (264).png,3
fireworks (265).png,3
fireworks (266).png,3
fireworks (267).png,3
fireworks (268).png,3
fireworks (269).png,3
fireworks (27).png,3
fireworks (270).png,3
fireworks (271).png,3
fireworks (272).png,3
fireworks (273).png,3
fireworks (274).png,3
fireworks (275).png,3
fireworks (276).png,3
fireworks (277).png,3
fireworks (278).png,3
fireworks (279).png,3
fireworks (28).png,3
fireworks (280).png,3
fireworks (281).png,3
fireworks (282).png,3
fireworks (283).png,3
fireworks (284).png,3
fireworks (285).png,3
fireworks (286).png,3
fireworks (287).png,3
fireworks (288).png,3
fireworks (289).png,3
fireworks (29).png,3
fireworks (290).png,3
fireworks (291).png,3
fireworks (292).png,3
fireworks (293).png,3
fireworks (294).png,3
fireworks (295).png,3
fireworks (296).png,3
fireworks (297).png,3
fireworks (298).png,3
fireworks (299).png,3
fireworks (3).png,3
fireworks (30).png,3
fireworks (300).png,3
fireworks (301).png,3
fireworks (302).png,3
fireworks (303).png,3
fireworks (304).png,3
fireworks (305).png,3
fireworks (306).png,3
fireworks (307).png,3
fireworks (308).png,3
fireworks (309).png,3
fireworks (31).png,3
fireworks (310).png,3
fireworks (311).png,3
fireworks (312).png,3
fireworks (313).png,3
fireworks (314).png,3
fireworks (315).png,3
fireworks (316).png,3
fireworks (317).png,3
fireworks (318).png,3
fireworks (319).png,3
fireworks (32).png,3
fireworks (320).png,3
fireworks (321).png,3
fireworks (322).png,3
fireworks (323).png,3
fireworks (324).png,3
fireworks (325).png,3
fireworks (326).png,3
fireworks (327).png,3
fireworks (328).png,3
fireworks (329).png,3
fireworks (33).png,3
fireworks (330).png,3
fireworks (331).png,3
fireworks (332).png,3
fireworks (333).png,3
fireworks (334).png,3
fireworks (335).png,3
fireworks (336).png,3
fireworks (337).png,3
fireworks (338).png,3
fireworks (339).png,3
fireworks (34).png,3
fireworks (340).png,3
fireworks (341).png,3
fireworks (342).png,3
fireworks (343).png,3
fireworks (344).png,3
fireworks (345).png,3
fireworks (346).png,3
fireworks (347).png,3
fireworks (348).png,3
fireworks (349).png,3
fireworks (35).png,3
fireworks (350).png,3
fireworks (351).png,3
fireworks (352).png,3
fireworks (353).png,3
fireworks (354).png,3
fireworks (355).png,3
fireworks (356).png,3
fireworks (357).png,3
fireworks (358).png,3
fireworks (359).png,3
fireworks (36).png,3
fireworks (360).png,3
fireworks (361).png,3
fireworks (362).png,3
fireworks (363).png,3
fireworks (364).png,3
fireworks (365).png,3
fireworks (366).png,3
fireworks (367).png,3
fireworks (368).png,3
fireworks (369).png,3
fireworks (37).png,3
fireworks (370).png,3
fireworks (371).png,3
fireworks (372).png,3
fireworks (373).png,3
fireworks (374).png,3
fireworks (375).png,3
fireworks (376).png,3
fireworks (377).png,3
fireworks (378).png,3
fireworks (379).png,3
fireworks (38).png,3
fireworks (380).png,3
fireworks (381).png,3
fireworks (382).png,3
fireworks (383).png,3
fireworks (384).png,3
fireworks (385).png,3
fireworks (386).png,3
fireworks (387).png,3
fireworks (388).png,3
fireworks (389).png,3
fireworks (39).png,3
fireworks (390).png,3
fireworks (391).png,3
fireworks (392).png,3
fireworks (393).png,3
fireworks (394).png,3
fireworks (395).png,3
fireworks (396).png,3
fireworks (397).png,3
fireworks (398).png,3
fireworks (399).png,3
fireworks (4).png,3
fireworks (40).png,3
fireworks (400).png,3
fireworks (401).png,3
fireworks (402).png,3
fireworks (403).png,3
fireworks (404).png,3
fireworks (405).png,3
fireworks (406).png,3
fireworks (407).png,3
fireworks (408).png,3
fireworks (409).png,3
fireworks (41).png,3
fireworks (410).png,3
fireworks (411).png,3
fireworks (412).png,3
fireworks (413).png,3
fireworks (414).png,3
fireworks (415).png,3
fireworks (416).png,3
fireworks (417).png,3
fireworks (418).png,3
fireworks (419).png,3
fireworks (42).png,3
fireworks (420).png,3
fireworks (421).png,3
fireworks (422).png,3
fireworks (423).png,3
fireworks (424).png,3
fireworks (425).png,3
fireworks (426).png,3
fireworks (427).png,3
fireworks (428).png,3
fireworks (429).png,3
fireworks (43).png,3
fireworks (430).png,3
fireworks (431).png,3
fireworks (432).png,3
fireworks (433).png,3
fireworks (434).png,3
fireworks (435).png,3
fireworks (436).png,3
fireworks (437).png,3
fireworks (438).png,3
fireworks (439).png,3
fireworks (44).png,3
fireworks (440).png,3
fireworks (441).png,3
fireworks (442).png,3
fireworks (443).png,3
fireworks (444).png,3
fireworks (445).png,3
fireworks (446).png,3
fireworks (447).png,3
fireworks (448).png,3
fireworks (449).png,3
fireworks (45).png,3
fireworks (450).png,3
fireworks (451).png,3
fireworks (452).png,3
fireworks (453).png,3
fireworks (454).png,3
fireworks (455).png,3
fireworks (46).png,3
fireworks (47).png,3
fireworks (48).png,3
fireworks (49).png,3
fireworks (5).png,3
fireworks (50).png,3
fireworks (51).png,3
fireworks (52).png,3
fireworks (53).png,3
fireworks (54).png,3
fireworks (55).png,3
fireworks (56).png,3
fireworks (57).png,3
fireworks (58).png,3
fireworks (59).png,3
fireworks (6).png,3
fireworks (60).png,3
fireworks (61).png,3
fireworks (62).png,3
fireworks (63).png,3
fireworks (64).png,3
fireworks (65).png,3
fireworks (66).png,3
fireworks (67).png,3
fireworks (68).png,3
fireworks (69).png,3
fireworks (7).png,3
fireworks (70).png,3
fireworks (71).png,3
fireworks (72).png,3
fireworks (73).png,3
fireworks (74).png,3
fireworks (75).png,3
fireworks (76).png,3
fireworks (77).png,3
fireworks (78).png,3
fireworks (79).png,3
fireworks (8).png,3
fireworks (80).png,3
fireworks (81).png,3
fireworks (82).png,3
fireworks (83).png,3
fireworks (84).png,3
fireworks (85).png,3
fireworks (86).png,3
fireworks (87).png,3
fireworks (88).png,3
fireworks (89).png,3
fireworks (9).png,3
fireworks (90).png,3
fireworks (91).png,3
fireworks (92).png,3
fireworks (93).png,3
fireworks (94).png,3
fireworks (95).png,3
fireworks (96).png,3
fireworks (97).png,3
fireworks (98).png,3
fireworks (99).png,3
penguin (1).png,4
penguin (10).png,4
penguin (100).png,4
penguin (101).png,4
penguin (102).png,4
penguin (103).png,4
penguin (104).png,4
penguin (105).png,4
penguin (106).png,4
penguin (107).png,4
penguin (108).png,4
penguin (109).png,4
penguin (11).png,4
penguin (110).png,4
penguin (111).png,4
penguin (112).png,4
penguin (113).png,4
penguin (114).png,4
penguin (115).png,4
penguin (116).png,4
penguin (117).png,4
penguin (118).png,4
penguin (119).png,4
penguin (12).png,4
penguin (120).png,4
penguin (121).png,4
penguin (122).png,4
penguin (123).png,4
penguin (124).png,4
penguin (125).png,4
penguin (126).png,4
penguin (127).png,4
penguin (128).png,4
penguin (129).png,4
penguin (13).png,4
penguin (130).png,4
penguin (131).png,4
penguin (132).png,4
penguin (133).png,4
penguin (134).png,4
penguin (135).png,4
penguin (136).png,4
penguin (137).png,4
penguin (138).png,4
penguin (139).png,4
penguin (14).png,4
penguin (140).png,4
penguin (141).png,4
penguin (142).png,4
penguin (143).png,4
penguin (144).png,4
penguin (145).png,4
penguin (146).png,4
penguin (147).png,4
penguin (148).png,4
penguin (149).png,4
penguin (15).png,4
penguin (150).png,4
penguin (151).png,4
penguin (152).png,4
penguin (153).png,4
penguin (154).png,4
penguin (155).png,4
penguin (156).png,4
penguin (157).png,4
penguin (158).png,4
penguin (159).png,4
penguin (16).png,4
penguin (160).png,4
penguin (161).png,4
penguin (162).png,4
penguin (163).png,4
penguin (164).png,4
penguin (165).png,4
penguin (166).png,4
penguin (167).png,4
penguin (168).png,4
penguin (169).png,4
penguin (17).png,4
penguin (170).png,4
penguin (171).png,4
penguin (172).png,4
penguin (173).png,4
penguin (174).png,4
penguin (175).png,4
penguin (176).png,4
penguin (177).png,4
penguin (178).png,4
penguin (179).png,4
penguin (18).png,4
penguin (180).png,4
penguin (181).png,4
penguin (182).png,4
penguin (183).png,4
penguin (184).png,4
penguin (185).png,4
penguin (186).png,4
penguin (187).png,4
penguin (188).png,4
penguin (189).png,4
penguin (19).png,4
penguin (190).png,4
penguin (191).png,4
penguin (192).png,4
penguin (193).png,4
penguin (194).png,4
penguin (195).png,4
penguin (196).png,4
penguin (197).png,4
penguin (198).png,4
penguin (199).png,4
penguin (2).png,4
penguin (20).png,4
penguin (200).png,4
penguin (201).png,4
penguin (202).png,4
penguin (203).png,4
penguin (204).png,4
penguin (205).png,4
penguin (206).png,4
penguin (207).png,4
penguin (208).png,4
penguin (209).png,4
penguin (21).png,4
penguin (210).png,4
penguin (211).png,4
penguin (212).png,4
penguin (213).png,4
penguin (214).png,4
penguin (215).png,4
penguin (216).png,4
penguin (217).png,4
penguin (218).png,4
penguin (219).png,4
penguin (22).png,4
penguin (220).png,4
penguin (221).png,4
penguin (222).png,4
penguin (223).png,4
penguin (224).png,4
penguin (225).png,4
penguin (226).png,4
penguin (227).png,4
penguin (228).png,4
penguin (229).png,4
penguin (23).png,4
penguin (230).png,4
penguin (231).png,4
penguin (232).png,4
penguin (233).png,4
penguin (234).png,4
penguin (235).png,4
penguin (236).png,4
penguin (237).png,4
penguin (238).png,4
penguin (239).png,4
penguin (24).png,4
penguin (240).png,4
penguin (241).png,4
penguin (242).png,4
penguin (243).png,4
penguin (244).png,4
penguin (245).png,4
penguin (246).png,4
penguin (247).png,4
penguin (248).png,4
penguin (249).png,4
penguin (25).png,4
penguin (250).png,4
penguin (251).png,4
penguin (252).png,4
penguin (253).png,4
penguin (254).png,4
penguin (255).png,4
penguin (256).png,4
penguin (257).png,4
penguin (258).png,4
penguin (259).png,4
penguin (26).png,4
penguin (260).png,4
penguin (261).png,4
penguin (262).png,4
penguin (263).png,4
penguin (264).png,4
penguin (265).png,4
penguin (266).png,4
penguin (267).png,4
penguin (268).png,4
penguin (269).png,4
penguin (27).png,4
penguin (270).png,4
penguin (271).png,4
penguin (272).png,4
penguin (273).png,4
penguin (274).png,4
penguin (275).png,4
penguin (276).png,4
penguin (277).png,4
penguin (278).png,4
penguin (279).png,4
penguin (28).png,4
penguin (280).png,4
penguin (281).png,4
penguin (282).png,4
penguin (283).png,4
penguin (284).png,4
penguin (285).png,4
penguin (286).png,4
penguin (287).png,4
penguin (288).png,4
penguin (289).png,4
penguin (29).png,4
penguin (290).png,4
penguin (291).png,4
penguin (292).png,4
penguin (293).png,4
penguin (294).png,4
penguin (295).png,4
penguin (296).png,4
penguin (297).png,4
penguin (298).png,4
penguin (299).png,4
penguin (3).png,4
penguin (30).png,4
penguin (300).png,4
penguin (301).png,4
penguin (302).png,4
penguin (303).png,4
penguin (304).png,4
penguin (305).png,4
penguin (306).png,4
penguin (307).png,4
penguin (308).png,4
penguin (309).png,4
penguin (31).png,4
penguin (310).png,4
penguin (311).png,4
penguin (312).png,4
penguin (313).png,4
penguin (314).png,4
penguin (315).png,4
penguin (316).png,4
penguin (317).png,4
penguin (318).png,4
penguin (319).png,4
penguin (32).png,4
penguin (320).png,4
penguin (321).png,4
penguin (322).png,4
penguin (323).png,4
penguin (324).png,4
penguin (325).png,4
penguin (326).png,4
penguin (327).png,4
penguin (328).png,4
penguin (329).png,4
penguin (33).png,4
penguin (330).png,4
penguin (331).png,4
penguin (332).png,4
penguin (333).png,4
penguin (334).png,4
penguin (335).png,4
penguin (336).png,4
penguin (337).png,4
penguin (338).png,4
penguin (339).png,4
penguin (34).png,4
penguin (340).png,4
penguin (341).png,4
penguin (342).png,4
penguin (343).png,4
penguin (344).png,4
penguin (345).png,4
penguin (346).png,4
penguin (347).png,4
penguin (348).png,4
penguin (349).png,4
penguin (35).png,4
penguin (350).png,4
penguin (351).png,4
penguin (352).png,4
penguin (353).png,4
penguin (354).png,4
penguin (355).png,4
penguin (356).png,4
penguin (357).png,4
penguin (358).png,4
penguin (359).png,4
penguin (36).png,4
penguin (360).png,4
penguin (361).png,4
penguin (362).png,4
penguin (363).png,4
penguin (364).png,4
penguin (365).png,4
penguin (366).png,4
penguin (367).png,4
penguin (368).png,4
penguin (369).png,4
penguin (37).png,4
penguin (370).png,4
penguin (371).png,4
penguin (372).png,4
penguin (373).png,4
penguin (374).png,4
penguin (375).png,4
penguin (376).png,4
penguin (377).png,4
penguin (378).png,4
penguin (379).png,4
penguin (38).png,4
penguin (380).png,4
penguin (381).png,4
penguin (382).png,4
penguin (383).png,4
penguin (384).png,4
penguin (385).png,4
penguin (386).png,4
penguin (387).png,4
penguin (388).png,4
penguin (389).png,4
penguin (39).png,4
penguin (390).png,4
penguin (391).png,4
penguin (392).png,4
penguin (393).png,4
penguin (394).png,4
penguin (395).png,4
penguin (396).png,4
penguin (397).png,4
penguin (398).png,4
penguin (399).png,4
penguin (4).png,4
penguin (40).png,4
penguin (400).png,4
penguin (401).png,4
penguin (402).png,4
penguin (403).png,4
penguin (404).png,4
penguin (405).png,4
penguin (406).png,4
penguin (407).png,4
penguin (408).png,4
penguin (409).png,4
penguin (41).png,4
penguin (410).png,4
penguin (411).png,4
penguin (412).png,4
penguin (413).png,4
penguin (414).png,4
penguin (415).png,4
penguin (416).png,4
penguin (417).png,4
penguin (418).png,4
penguin (419).png,4
penguin (42).png,4
penguin (420).png,4
penguin (421).png,4
penguin (422).png,4
penguin (423).png,4
penguin (424).png,4
penguin (425).png,4
penguin (426).png,4
penguin (427).png,4
penguin (428).png,4
penguin (429).png,4
penguin (43).png,4
penguin (430).png,4
penguin (431).png,4
penguin (432).png,4
penguin (433).png,4
penguin (434).png,4
penguin (435).png,4
penguin (436).png,4
penguin (437).png,4
penguin (438).png,4
penguin (439).png,4
penguin (44).png,4
penguin (440).png,4
penguin (441).png,4
penguin (442).png,4
penguin (443).png,4
penguin (444).png,4
penguin (445).png,4
penguin (446).png,4
penguin (447).png,4
penguin (448).png,4
penguin (449).png,4
penguin (45).png,4
penguin (46).png,4
penguin (47).png,4
penguin (48).png,4
penguin (49).png,4
penguin (5).png,4
penguin (50).png,4
penguin (51).png,4
penguin (52).png,4
penguin (53).png,4
penguin (54).png,4
penguin (55).png,4
penguin (56).png,4
penguin (57).png,4
penguin (58).png,4
penguin (59).png,4
penguin (6).png,4
penguin (60).png,4
penguin (61).png,4
penguin (62).png,4
penguin (63).png,4
penguin (64).png,4
penguin (65).png,4
penguin (66).png,4
penguin (67).png,4
penguin (68).png,4
penguin (69).png,4
penguin (7).png,4
penguin (70).png,4
penguin (71).png,4
penguin (72).png,4
penguin (73).png,4
penguin (74).png,4
penguin (75).png,4
penguin (76).png,4
penguin (77).png,4
penguin (78).png,4
penguin (79).png,4
penguin (8).png,4
penguin (80).png,4
penguin (81).png,4
penguin (82).png,4
penguin (83).png,4
penguin (84).png,4
penguin (85).png,4
penguin (86).png,4
penguin (87).png,4
penguin (88).png,4
penguin (89).png,4
penguin (9).png,4
penguin (90).png,4
penguin (91).png,4
penguin (92).png,4
penguin (93).png,4
penguin (94).png,4
penguin (95).png,4
penguin (96).png,4
penguin (97).png,4
penguin (98).png,4
penguin (99).png,4
reindeer (1).png,5
reindeer (10).png,5
reindeer (100).png,5
reindeer (101).png,5
reindeer (102).png,5
reindeer (103).png,5
reindeer (104).png,5
reindeer (105).png,5
reindeer (106).png,5
reindeer (107).png,5
reindeer (108).png,5
reindeer (109).png,5
reindeer (11).png,5
reindeer (110).png,5
reindeer (111).png,5
reindeer (112).png,5
reindeer (113).png,5
reindeer (114).png,5
reindeer (115).png,5
reindeer (116).png,5
reindeer (117).png,5
reindeer (118).png,5
reindeer (119).png,5
reindeer (12).png,5
reindeer (120).png,5
reindeer (121).png,5
reindeer (122).png,5
reindeer (123).png,5
reindeer (124).png,5
reindeer (125).png,5
reindeer (126).png,5
reindeer (127).png,5
reindeer (128).png,5
reindeer (129).png,5
reindeer (13).png,5
reindeer (130).png,5
reindeer (131).png,5
reindeer (132).png,5
reindeer (133).png,5
reindeer (134).png,5
reindeer (135).png,5
reindeer (136).png,5
reindeer (137).png,5
reindeer (138).png,5
reindeer (139).png,5
reindeer (14).png,5
reindeer (140).png,5
reindeer (141).png,5
reindeer (142).png,5
reindeer (143).png,5
reindeer (144).png,5
reindeer (145).png,5
reindeer (146).png,5
reindeer (147).png,5
reindeer (148).png,5
reindeer (149).png,5
reindeer (15).png,5
reindeer (150).png,5
reindeer (151).png,5
reindeer (152).png,5
reindeer (153).png,5
reindeer (154).png,5
reindeer (155).png,5
reindeer (156).png,5
reindeer (157).png,5
reindeer (158).png,5
reindeer (159).png,5
reindeer (16).png,5
reindeer (160).png,5
reindeer (161).png,5
reindeer (162).png,5
reindeer (163).png,5
reindeer (164).png,5
reindeer (165).png,5
reindeer (166).png,5
reindeer (167).png,5
reindeer (168).png,5
reindeer (169).png,5
reindeer (17).png,5
reindeer (170).png,5
reindeer (171).png,5
reindeer (172).png,5
reindeer (173).png,5
reindeer (174).png,5
reindeer (175).png,5
reindeer (176).png,5
reindeer (177).png,5
reindeer (178).png,5
reindeer (179).png,5
reindeer (18).png,5
reindeer (180).png,5
reindeer (181).png,5
reindeer (182).png,5
reindeer (183).png,5
reindeer (184).png,5
reindeer (185).png,5
reindeer (186).png,5
reindeer (187).png,5
reindeer (188).png,5
reindeer (189).png,5
reindeer (19).png,5
reindeer (190).png,5
reindeer (191).png,5
reindeer (192).png,5
reindeer (193).png,5
reindeer (194).png,5
reindeer (195).png,5
reindeer (196).png,5
reindeer (197).png,5
reindeer (198).png,5
reindeer (199).png,5
reindeer (2).png,5
reindeer (20).png,5
reindeer (200).png,5
reindeer (201).png,5
reindeer (202).png,5
reindeer (203).png,5
reindeer (204).png,5
reindeer (205).png,5
reindeer (206).png,5
reindeer (207).png,5
reindeer (208).png,5
reindeer (209).png,5
reindeer (21).png,5
reindeer (210).png,5
reindeer (211).png,5
reindeer (212).png,5
reindeer (213).png,5
reindeer (214).png,5
reindeer (215).png,5
reindeer (216).png,5
reindeer (217).png,5
reindeer (218).png,5
reindeer (219).png,5
reindeer (22).png,5
reindeer (220).png,5
reindeer (221).png,5
reindeer (222).png,5
reindeer (223).png,5
reindeer (224).png,5
reindeer (225).png,5
reindeer (226).png,5
reindeer (227).png,5
reindeer (228).png,5
reindeer (229).png,5
reindeer (23).png,5
reindeer (230).png,5
reindeer (231).png,5
reindeer (232).png,5
reindeer (233).png,5
reindeer (234).png,5
reindeer (235).png,5
reindeer (236).png,5
reindeer (237).png,5
reindeer (238).png,5
reindeer (239).png,5
reindeer (24).png,5
reindeer (240).png,5
reindeer (241).png,5
reindeer (242).png,5
reindeer (243).png,5
reindeer (244).png,5
reindeer (245).png,5
reindeer (246).png,5
reindeer (247).png,5
reindeer (248).png,5
reindeer (249).png,5
reindeer (25).png,5
reindeer (250).png,5
reindeer (251).png,5
reindeer (252).png,5
reindeer (253).png,5
reindeer (254).png,5
reindeer (255).png,5
reindeer (256).png,5
reindeer (257).png,5
reindeer (258).png,5
reindeer (259).png,5
reindeer (26).png,5
reindeer (260).png,5
reindeer (261).png,5
reindeer (262).png,5
reindeer (263).png,5
reindeer (264).png,5
reindeer (265).png,5
reindeer (266).png,5
reindeer (267).png,5
reindeer (268).png,5
reindeer (269).png,5
reindeer (27).png,5
reindeer (270).png,5
reindeer (271).png,5
reindeer (272).png,5
reindeer (273).png,5
reindeer (274).png,5
reindeer (275).png,5
reindeer (276).png,5
reindeer (277).png,5
reindeer (278).png,5
reindeer (279).png,5
reindeer (28).png,5
reindeer (280).png,5
reindeer (281).png,5
reindeer (282).png,5
reindeer (283).png,5
reindeer (284).png,5
reindeer (285).png,5
reindeer (286).png,5
reindeer (287).png,5
reindeer (288).png,5
reindeer (289).png,5
reindeer (29).png,5
reindeer (290).png,5
reindeer (291).png,5
reindeer (292).png,5
reindeer (293).png,5
reindeer (294).png,5
reindeer (295).png,5
reindeer (296).png,5
reindeer (297).png,5
reindeer (298).png,5
reindeer (299).png,5
reindeer (3).png,5
reindeer (30).png,5
reindeer (300).png,5
reindeer (301).png,5
reindeer (302).png,5
reindeer (303).png,5
reindeer (304).png,5
reindeer (305).png,5
reindeer (306).png,5
reindeer (307).png,5
reindeer (308).png,5
reindeer (309).png,5
reindeer (31).png,5
reindeer (310).png,5
reindeer (311).png,5
reindeer (312).png,5
reindeer (313).png,5
reindeer (314).png,5
reindeer (315).png,5
reindeer (316).png,5
reindeer (317).png,5
reindeer (318).png,5
reindeer (319).png,5
reindeer (32).png,5
reindeer (320).png,5
reindeer (321).png,5
reindeer (322).png,5
reindeer (323).png,5
reindeer (324).png,5
reindeer (325).png,5
reindeer (326).png,5
reindeer (327).png,5
reindeer (328).png,5
reindeer (329).png,5
reindeer (33).png,5
reindeer (330).png,5
reindeer (331).png,5
reindeer (332).png,5
reindeer (333).png,5
reindeer (334).png,5
reindeer (335).png,5
reindeer (336).png,5
reindeer (337).png,5
reindeer (338).png,5
reindeer (339).png,5
reindeer (34).png,5
reindeer (340).png,5
reindeer (341).png,5
reindeer (342).png,5
reindeer (343).png,5
reindeer (344).png,5
reindeer (345).png,5
reindeer (346).png,5
reindeer (347).png,5
reindeer (348).png,5
reindeer (349).png,5
reindeer (35).png,5
reindeer (350).png,5
reindeer (351).png,5
reindeer (352).png,5
reindeer (353).png,5
reindeer (354).png,5
reindeer (355).png,5
reindeer (356).png,5
reindeer (357).png,5
reindeer (358).png,5
reindeer (359).png,5
reindeer (36).png,5
reindeer (360).png,5
reindeer (361).png,5
reindeer (362).png,5
reindeer (363).png,5
reindeer (364).png,5
reindeer (365).png,5
reindeer (366).png,5
reindeer (367).png,5
reindeer (368).png,5
reindeer (369).png,5
reindeer (37).png,5
reindeer (370).png,5
reindeer (371).png,5
reindeer (372).png,5
reindeer (373).png,5
reindeer (374).png,5
reindeer (375).png,5
reindeer (376).png,5
reindeer (377).png,5
reindeer (378).png,5
reindeer (379).png,5
reindeer (38).png,5
reindeer (380).png,5
reindeer (381).png,5
reindeer (382).png,5
reindeer (383).png,5
reindeer (384).png,5
reindeer (385).png,5
reindeer (386).png,5
reindeer (387).png,5
reindeer (388).png,5
reindeer (389).png,5
reindeer (39).png,5
reindeer (390).png,5
reindeer (391).png,5
reindeer (392).png,5
reindeer (393).png,5
reindeer (394).png,5
reindeer (395).png,5
reindeer (396).png,5
reindeer (397).png,5
reindeer (398).png,5
reindeer (399).png,5
reindeer (4).png,5
reindeer (40).png,5
reindeer (400).png,5
reindeer (401).png,5
reindeer (402).png,5
reindeer (403).png,5
reindeer (404).png,5
reindeer (405).png,5
reindeer (406).png,5
reindeer (407).png,5
reindeer (408).png,5
reindeer (409).png,5
reindeer (41).png,5
reindeer (410).png,5
reindeer (411).png,5
reindeer (412).png,5
reindeer (413).png,5
reindeer (414).png,5
reindeer (415).png,5
reindeer (416).png,5
reindeer (417).png,5
reindeer (418).png,5
reindeer (419).png,5
reindeer (42).png,5
reindeer (420).png,5
reindeer (421).png,5
reindeer (422).png,5
reindeer (423).png,5
reindeer (424).png,5
reindeer (425).png,5
reindeer (426).png,5
reindeer (427).png,5
reindeer (428).png,5
reindeer (429).png,5
reindeer (43).png,5
reindeer (430).png,5
reindeer (431).png,5
reindeer (432).png,5
reindeer (433).png,5
reindeer (434).png,5
reindeer (435).png,5
reindeer (436).png,5
reindeer (437).png,5
reindeer (438).png,5
reindeer (439).png,5
reindeer (44).png,5
reindeer (440).png,5
reindeer (441).png,5
reindeer (442).png,5
reindeer (443).png,5
reindeer (444).png,5
reindeer (445).png,5
reindeer (446).png,5
reindeer (447).png,5
reindeer (448).png,5
reindeer (449).png,5
reindeer (45).png,5
reindeer (450).png,5
reindeer (451).png,5
reindeer (452).png,5
reindeer (453).png,5
reindeer (454).png,5
reindeer (455).png,5
reindeer (456).png,5
reindeer (457).png,5
reindeer (458).png,5
reindeer (459).png,5
reindeer (46).png,5
reindeer (460).png,5
reindeer (47).png,5
reindeer (48).png,5
reindeer (49).png,5
reindeer (5).png,5
reindeer (50).png,5
reindeer (51).png,5
reindeer (52).png,5
reindeer (53).png,5
reindeer (54).png,5
reindeer (55).png,5
reindeer (56).png,5
reindeer (57).png,5
reindeer (58).png,5
reindeer (59).png,5
reindeer (6).png,5
reindeer (60).png,5
reindeer (61).png,5
reindeer (62).png,5
reindeer (63).png,5
reindeer (64).png,5
reindeer (65).png,5
reindeer (66).png,5
reindeer (67).png,5
reindeer (68).png,5
reindeer (69).png,5
reindeer (7).png,5
reindeer (70).png,5
reindeer (71).png,5
reindeer (72).png,5
reindeer (73).png,5
reindeer (74).png,5
reindeer (75).png,5
reindeer (76).png,5
reindeer (77).png,5
reindeer (78).png,5
reindeer (79).png,5
reindeer (8).png,5
reindeer (80).png,5
reindeer (81).png,5
reindeer (82).png,5
reindeer (83).png,5
reindeer (84).png,5
reindeer (85).png,5
reindeer (86).png,5
reindeer (87).png,5
reindeer (88).png,5
reindeer (89).png,5
reindeer (9).png,5
reindeer (90).png,5
reindeer (91).png,5
reindeer (92).png,5
reindeer (93).png,5
reindeer (94).png,5
reindeer (95).png,5
reindeer (96).png,5
reindeer (97).png,5
reindeer (98).png,5
reindeer (99).png,5
santa (1).png,6
santa (10).png,6
santa (100).png,6
santa (101).png,6
santa (102).png,6
santa (103).png,6
santa (104).png,6
santa (105).png,6
santa (106).png,6
santa (107).png,6
santa (108).png,6
santa (109).png,6
santa (11).png,6
santa (110).png,6
santa (111).png,6
santa (112).png,6
santa (113).png,6
santa (114).png,6
santa (115).png,6
santa (116).png,6
santa (117).png,6
santa (118).png,6
santa (119).png,6
santa (12).png,6
santa (120).png,6
santa (121).png,6
santa (122).png,6
santa (123).png,6
santa (124).png,6
santa (125).png,6
santa (126).png,6
santa (127).png,6
santa (128).png,6
santa (129).png,6
santa (13).png,6
santa (130).png,6
santa (131).png,6
santa (132).png,6
santa (133).png,6
santa (134).png,6
santa (135).png,6
santa (136).png,6
santa (137).png,6
santa (138).png,6
santa (139).png,6
santa (14).png,6
santa (140).png,6
santa (141).png,6
santa (142).png,6
santa (143).png,6
santa (144).png,6
santa (145).png,6
santa (146).png,6
santa (147).png,6
santa (148).png,6
santa (149).png,6
santa (15).png,6
santa (150).png,6
santa (151).png,6
santa (152).png,6
santa (153).png,6
santa (154).png,6
santa (155).png,6
santa (156).png,6
santa (157).png,6
santa (158).png,6
santa (159).png,6
santa (16).png,6
santa (160).png,6
santa (161).png,6
santa (162).png,6
santa (163).png,6
santa (164).png,6
santa (165).png,6
santa (166).png,6
santa (167).png,6
santa (168).png,6
santa (169).png,6
santa (17).png,6
santa (170).png,6
santa (171).png,6
santa (172).png,6
santa (173).png,6
santa (174).png,6
santa (175).png,6
santa (176).png,6
santa (177).png,6
santa (178).png,6
santa (179).png,6
santa (18).png,6
santa (180).png,6
santa (181).png,6
santa (182).png,6
santa (183).png,6
santa (184).png,6
santa (185).png,6
santa (186).png,6
santa (187).png,6
santa (188).png,6
santa (189).png,6
santa (19).png,6
santa (190).png,6
santa (191).png,6
santa (192).png,6
santa (193).png,6
santa (194).png,6
santa (195).png,6
santa (196).png,6
santa (197).png,6
santa (198).png,6
santa (199).png,6
santa (2).png,6
santa (20).png,6
santa (200).png,6
santa (201).png,6
santa (202).png,6
santa (203).png,6
santa (204).png,6
santa (205).png,6
santa (206).png,6
santa (207).png,6
santa (208).png,6
santa (209).png,6
santa (21).png,6
santa (210).png,6
santa (211).png,6
santa (212).png,6
santa (213).png,6
santa (214).png,6
santa (215).png,6
santa (216).png,6
santa (217).png,6
santa (218).png,6
santa (219).png,6
santa (22).png,6
santa (220).png,6
santa (221).png,6
santa (222).png,6
santa (223).png,6
santa (224).png,6
santa (225).png,6
santa (226).png,6
santa (227).png,6
santa (228).png,6
santa (229).png,6
santa (23).png,6
santa (230).png,6
santa (231).png,6
santa (232).png,6
santa (233).png,6
santa (234).png,6
santa (235).png,6
santa (236).png,6
santa (237).png,6
santa (238).png,6
santa (239).png,6
santa (24).png,6
santa (240).png,6
santa (241).png,6
santa (242).png,6
santa (243).png,6
santa (244).png,6
santa (245).png,6
santa (246).png,6
santa (247).png,6
santa (248).png,6
santa (249).png,6
santa (25).png,6
santa (250).png,6
santa (251).png,6
santa (252).png,6
santa (253).png,6
santa (254).png,6
santa (255).png,6
santa (256).png,6
santa (257).png,6
santa (258).png,6
santa (259).png,6
santa (26).png,6
santa (260).png,6
santa (261).png,6
santa (262).png,6
santa (263).png,6
santa (264).png,6
santa (265).png,6
santa (266).png,6
santa (267).png,6
santa (268).png,6
santa (269).png,6
santa (27).png,6
santa (270).png,6
santa (271).png,6
santa (272).png,6
santa (273).png,6
santa (274).png,6
santa (275).png,6
santa (276).png,6
santa (277).png,6
santa (278).png,6
santa (279).png,6
santa (28).png,6
santa (280).png,6
santa (281).png,6
santa (282).png,6
santa (283).png,6
santa (284).png,6
santa (285).png,6
santa (286).png,6
santa (287).png,6
santa (288).png,6
santa (289).png,6
santa (29).png,6
santa (290).png,6
santa (291).png,6
santa (292).png,6
santa (293).png,6
santa (294).png,6
santa (295).png,6
santa (296).png,6
santa (297).png,6
santa (298).png,6
santa (299).png,6
santa (3).png,6
santa (30).png,6
santa (300).png,6
santa (301).png,6
santa (302).png,6
santa (303).png,6
santa (304).png,6
santa (305).png,6
santa (306).png,6
santa (307).png,6
santa (308).png,6
santa (309).png,6
santa (31).png,6
santa (310).png,6
santa (311).png,6
santa (312).png,6
santa (313).png,6
santa (314).png,6
santa (315).png,6
santa (316).png,6
santa (317).png,6
santa (318).png,6
santa (319).png,6
santa (32).png,6
santa (320).png,6
santa (321).png,6
santa (322).png,6
santa (323).png,6
santa (324).png,6
santa (325).png,6
santa (326).png,6
santa (327).png,6
santa (328).png,6
santa (329).png,6
santa (33).png,6
santa (330).png,6
santa (331).png,6
santa (332).png,6
santa (333).png,6
santa (334).png,6
santa (335).png,6
santa (336).png,6
santa (337).png,6
santa (338).png,6
santa (339).png,6
santa (34).png,6
santa (340).png,6
santa (341).png,6
santa (342).png,6
santa (343).png,6
santa (344).png,6
santa (345).png,6
santa (346).png,6
santa (347).png,6
santa (348).png,6
santa (349).png,6
santa (35).png,6
santa (350).png,6
santa (351).png,6
santa (352).png,6
santa (353).png,6
santa (354).png,6
santa (355).png,6
santa (356).png,6
santa (357).png,6
santa (358).png,6
santa (359).png,6
santa (36).png,6
santa (360).png,6
santa (361).png,6
santa (362).png,6
santa (363).png,6
santa (364).png,6
santa (365).png,6
santa (366).png,6
santa (367).png,6
santa (368).png,6
santa (369).png,6
santa (37).png,6
santa (370).png,6
santa (371).png,6
santa (372).png,6
santa (373).png,6
santa (374).png,6
santa (375).png,6
santa (376).png,6
santa (377).png,6
santa (378).png,6
santa (379).png,6
santa (38).png,6
santa (380).png,6
santa (381).png,6
santa (382).png,6
santa (383).png,6
santa (384).png,6
santa (385).png,6
santa (386).png,6
santa (387).png,6
santa (388).png,6
santa (389).png,6
santa (39).png,6
santa (390).png,6
santa (391).png,6
santa (392).png,6
santa (393).png,6
santa (394).png,6
santa (395).png,6
santa (396).png,6
santa (397).png,6
santa (398).png,6
santa (399).png,6
santa (4).png,6
santa (40).png,6
santa (400).png,6
santa (401).png,6
santa (402).png,6
santa (403).png,6
santa (404).png,6
santa (405).png,6
santa (406).png,6
santa (407).png,6
santa (408).png,6
santa (409).png,6
santa (41).png,6
santa (410).png,6
santa (411).png,6
santa (412).png,6
santa (413).png,6
santa (414).png,6
santa (415).png,6
santa (416).png,6
santa (417).png,6
santa (418).png,6
santa (419).png,6
santa (42).png,6
santa (420).png,6
santa (421).png,6
santa (422).png,6
santa (423).png,6
santa (424).png,6
santa (425).png,6
santa (426).png,6
santa (427).png,6
santa (428).png,6
santa (429).png,6
santa (43).png,6
santa (430).png,6
santa (431).png,6
santa (432).png,6
santa (433).png,6
santa (434).png,6
santa (435).png,6
santa (436).png,6
santa (437).png,6
santa (438).png,6
santa (439).png,6
santa (44).png,6
santa (440).png,6
santa (441).png,6
santa (442).png,6
santa (443).png,6
santa (444).png,6
santa (445).png,6
santa (446).png,6
santa (447).png,6
santa (448).png,6
santa (449).png,6
santa (45).png,6
santa (450).png,6
santa (451).png,6
santa (452).png,6
santa (453).png,6
santa (454).png,6
santa (455).png,6
santa (46).png,6
santa (47).png,6
santa (48).png,6
santa (49).png,6
santa (5).png,6
santa (50).png,6
santa (51).png,6
santa (52).png,6
santa (53).png,6
santa (54).png,6
santa (55).png,6
santa (56).png,6
santa (57).png,6
santa (58).png,6
santa (59).png,6
santa (6).png,6
santa (60).png,6
santa (61).png,6
santa (62).png,6
santa (63).png,6
santa (64).png,6
santa (65).png,6
santa (66).png,6
santa (67).png,6
santa (68).png,6
santa (69).png,6
santa (7).png,6
santa (70).png,6
santa (71).png,6
santa (72).png,6
santa (73).png,6
santa (74).png,6
santa (75).png,6
santa (76).png,6
santa (77).png,6
santa (78).png,6
santa (79).png,6
santa (8).png,6
santa (80).png,6
santa (81).png,6
santa (82).png,6
santa (83).png,6
santa (84).png,6
santa (85).png,6
santa (86).png,6
santa (87).png,6
santa (88).png,6
santa (89).png,6
santa (9).png,6
santa (90).png,6
santa (91).png,6
santa (92).png,6
santa (93).png,6
santa (94).png,6
santa (95).png,6
santa (96).png,6
santa (97).png,6
santa (98).png,6
santa (99).png,6
snowman (1).png,7
snowman (10).png,7
snowman (100).png,7
snowman (101).png,7
snowman (102).png,7
snowman (103).png,7
snowman (104).png,7
snowman (105).png,7
snowman (106).png,7
snowman (107).png,7
snowman (108).png,7
snowman (109).png,7
snowman (11).png,7
snowman (110).png,7
snowman (111).png,7
snowman (112).png,7
snowman (113).png,7
snowman (114).png,7
snowman (115).png,7
snowman (116).png,7
snowman (117).png,7
snowman (118).png,7
snowman (119).png,7
snowman (12).png,7
snowman (120).png,7
snowman (121).png,7
snowman (122).png,7
snowman (123).png,7
snowman (124).png,7
snowman (125).png,7
snowman (126).png,7
snowman (127).png,7
snowman (128).png,7
snowman (129).png,7
snowman (13).png,7
snowman (130).png,7
snowman (131).png,7
snowman (132).png,7
snowman (133).png,7
snowman (134).png,7
snowman (135).png,7
snowman (136).png,7
snowman (137).png,7
snowman (138).png,7
snowman (139).png,7
snowman (14).png,7
snowman (140).png,7
snowman (141).png,7
snowman (142).png,7
snowman (143).png,7
snowman (144).png,7
snowman (145).png,7
snowman (146).png,7
snowman (147).png,7
snowman (148).png,7
snowman (149).png,7
snowman (15).png,7
snowman (150).png,7
snowman (151).png,7
snowman (152).png,7
snowman (153).png,7
snowman (154).png,7
snowman (155).png,7
snowman (156).png,7
snowman (157).png,7
snowman (158).png,7
snowman (159).png,7
snowman (16).png,7
snowman (160).png,7
snowman (161).png,7
snowman (162).png,7
snowman (163).png,7
snowman (164).png,7
snowman (165).png,7
snowman (166).png,7
snowman (167).png,7
snowman (168).png,7
snowman (169).png,7
snowman (17).png,7
snowman (170).png,7
snowman (171).png,7
snowman (172).png,7
snowman (173).png,7
snowman (174).png,7
snowman (175).png,7
snowman (176).png,7
snowman (177).png,7
snowman (178).png,7
snowman (179).png,7
snowman (18).png,7
snowman (180).png,7
snowman (181).png,7
snowman (182).png,7
snowman (183).png,7
snowman (184).png,7
snowman (185).png,7
snowman (186).png,7
snowman (187).png,7
snowman (188).png,7
snowman (189).png,7
snowman (19).png,7
snowman (190).png,7
snowman (191).png,7
snowman (192).png,7
snowman (193).png,7
snowman (194).png,7
snowman (195).png,7
snowman (196).png,7
snowman (197).png,7
snowman (198).png,7
snowman (199).png,7
snowman (2).png,7
snowman (20).png,7
snowman (200).png,7
snowman (201).png,7
snowman (202).png,7
snowman (203).png,7
snowman (204).png,7
snowman (205).png,7
snowman (206).png,7
snowman (207).png,7
snowman (208).png,7
snowman (209).png,7
snowman (21).png,7
snowman (210).png,7
snowman (211).png,7
snowman (212).png,7
snowman (213).png,7
snowman (214).png,7
snowman (215).png,7
snowman (216).png,7
snowman (217).png,7
snowman (218).png,7
snowman (219).png,7
snowman (22).png,7
snowman (220).png,7
snowman (221).png,7
snowman (222).png,7
snowman (223).png,7
snowman (224).png,7
snowman (225).png,7
snowman (226).png,7
snowman (227).png,7
snowman (228).png,7
snowman (229).png,7
snowman (23).png,7
snowman (230).png,7
snowman (231).png,7
snowman (232).png,7
snowman (233).png,7
snowman (234).png,7
snowman (235).png,7
snowman (236).png,7
snowman (237).png,7
snowman (238).png,7
snowman (239).png,7
snowman (24).png,7
snowman (240).png,7
snowman (241).png,7
snowman (242).png,7
snowman (243).png,7
snowman (244).png,7
snowman (245).png,7
snowman (246).png,7
snowman (247).png,7
snowman (248).png,7
snowman (249).png,7
snowman (25).png,7
snowman (250).png,7
snowman (251).png,7
snowman (252).png,7
snowman (253).png,7
snowman (254).png,7
snowman (255).png,7
snowman (256).png,7
snowman (257).png,7
snowman (258).png,7
snowman (259).png,7
snowman (26).png,7
snowman (260).png,7
snowman (261).png,7
snowman (262).png,7
snowman (263).png,7
snowman (264).png,7
snowman (265).png,7
snowman (266).png,7
snowman (267).png,7
snowman (268).png,7
snowman (269).png,7
snowman (27).png,7
snowman (270).png,7
snowman (271).png,7
snowman (272).png,7
snowman (273).png,7
snowman (274).png,7
snowman (275).png,7
snowman (276).png,7
snowman (277).png,7
snowman (278).png,7
snowman (279).png,7
snowman (28).png,7
snowman (280).png,7
snowman (281).png,7
snowman (282).png,7
snowman (283).png,7
snowman (284).png,7
snowman (285).png,7
snowman (286).png,7
snowman (287).png,7
snowman (288).png,7
snowman (289).png,7
snowman (29).png,7
snowman (290).png,7
snowman (291).png,7
snowman (292).png,7
snowman (293).png,7
snowman (294).png,7
snowman (295).png,7
snowman (296).png,7
snowman (297).png,7
snowman (298).png,7
snowman (299).png,7
snowman (3).png,7
snowman (30).png,7
snowman (300).png,7
snowman (301).png,7
snowman (302).png,7
snowman (303).png,7
snowman (304).png,7
snowman (305).png,7
snowman (306).png,7
snowman (307).png,7
snowman (308).png,7
snowman (309).png,7
snowman (31).png,7
snowman (310).png,7
snowman (311).png,7
snowman (312).png,7
snowman (313).png,7
snowman (314).png,7
snowman (315).png,7
snowman (316).png,7
snowman (317).png,7
snowman (318).png,7
snowman (319).png,7
snowman (32).png,7
snowman (320).png,7
snowman (321).png,7
snowman (322).png,7
snowman (323).png,7
snowman (324).png,7
snowman (325).png,7
snowman (326).png,7
snowman (327).png,7
snowman (328).png,7
snowman (329).png,7
snowman (33).png,7
snowman (330).png,7
snowman (331).png,7
snowman (332).png,7
snowman (333).png,7
snowman (334).png,7
snowman (335).png,7
snowman (336).png,7
snowman (337).png,7
snowman (338).png,7
snowman (339).png,7
snowman (34).png,7
snowman (340).png,7
snowman (341).png,7
snowman (342).png,7
snowman (343).png,7
snowman (344).png,7
snowman (345).png,7
snowman (346).png,7
snowman (347).png,7
snowman (348).png,7
snowman (349).png,7
snowman (35).png,7
snowman (350).png,7
snowman (351).png,7
snowman (352).png,7
snowman (353).png,7
snowman (354).png,7
snowman (355).png,7
snowman (356).png,7
snowman (357).png,7
snowman (358).png,7
snowman (359).png,7
snowman (36).png,7
snowman (360).png,7
snowman (361).png,7
snowman (362).png,7
snowman (363).png,7
snowman (364).png,7
snowman (365).png,7
snowman (366).png,7
snowman (367).png,7
snowman (368).png,7
snowman (369).png,7
snowman (37).png,7
snowman (370).png,7
snowman (371).png,7
snowman (372).png,7
snowman (373).png,7
snowman (374).png,7
snowman (375).png,7
snowman (376).png,7
snowman (377).png,7
snowman (378).png,7
snowman (379).png,7
snowman (38).png,7
snowman (380).png,7
snowman (381).png,7
snowman (382).png,7
snowman (383).png,7
snowman (384).png,7
snowman (385).png,7
snowman (386).png,7
snowman (387).png,7
snowman (388).png,7
snowman (389).png,7
snowman (39).png,7
snowman (390).png,7
snowman (391).png,7
snowman (392).png,7
snowman (393).png,7
snowman (394).png,7
snowman (395).png,7
snowman (396).png,7
snowman (397).png,7
snowman (398).png,7
snowman (399).png,7
snowman (4).png,7
snowman (40).png,7
snowman (400).png,7
snowman (401).png,7
snowman (402).png,7
snowman (403).png,7
snowman (404).png,7
snowman (405).png,7
snowman (406).png,7
snowman (407).png,7
snowman (408).png,7
snowman (409).png,7
snowman (41).png,7
snowman (410).png,7
snowman (411).png,7
snowman (412).png,7
snowman (413).png,7
snowman (414).png,7
snowman (415).png,7
snowman (416).png,7
snowman (417).png,7
snowman (418).png,7
snowman (419).png,7
snowman (42).png,7
snowman (420).png,7
snowman (421).png,7
snowman (422).png,7
snowman (423).png,7
snowman (424).png,7
snowman (425).png,7
snowman (426).png,7
snowman (427).png,7
snowman (428).png,7
snowman (429).png,7
snowman (43).png,7
snowman (430).png,7
snowman (431).png,7
snowman (432).png,7
snowman (433).png,7
snowman (434).png,7
snowman (435).png,7
snowman (436).png,7
snowman (437).png,7
snowman (438).png,7
snowman (439).png,7
snowman (44).png,7
snowman (440).png,7
snowman (441).png,7
snowman (442).png,7
snowman (443).png,7
snowman (444).png,7
snowman (445).png,7
snowman (446).png,7
snowman (447).png,7
snowman (448).png,7
snowman (449).png,7
snowman (45).png,7
snowman (450).png,7
snowman (451).png,7
snowman (452).png,7
snowman (453).png,7
snowman (454).png,7
snowman (455).png,7
snowman (456).png,7
snowman (457).png,7
snowman (458).png,7
snowman (459).png,7
snowman (46).png,7
snowman (460).png,7
snowman (461).png,7
snowman (462).png,7
snowman (463).png,7
snowman (464).png,7
snowman (465).png,7
snowman (466).png,7
snowman (467).png,7
snowman (468).png,7
snowman (469).png,7
snowman (47).png,7
snowman (470).png,7
snowman (471).png,7
snowman (472).png,7
snowman (473).png,7
snowman (474).png,7
snowman (475).png,7
snowman (476).png,7
snowman (477).png,7
snowman (478).png,7
snowman (479).png,7
snowman (48).png,7
snowman (480).png,7
snowman (481).png,7
snowman (482).png,7
snowman (483).png,7
snowman (484).png,7
snowman (485).png,7
snowman (486).png,7
snowman (487).png,7
snowman (488).png,7
snowman (489).png,7
snowman (49).png,7
snowman (490).png,7
snowman (491).png,7
snowman (492).png,7
snowman (493).png,7
snowman (494).png,7
snowman (495).png,7
snowman (496).png,7
snowman (497).png,7
snowman (498).png,7
snowman (499).png,7
snowman (5).png,7
snowman (50).png,7
snowman (500).png,7
snowman (501).png,7
snowman (502).png,7
snowman (503).png,7
snowman (504).png,7
snowman (505).png,7
snowman (506).png,7
snowman (507).png,7
snowman (508).png,7
snowman (509).png,7
snowman (51).png,7
snowman (510).png,7
snowman (511).png,7
snowman (512).png,7
snowman (513).png,7
snowman (514).png,7
snowman (515).png,7
snowman (516).png,7
snowman (517).png,7
snowman (518).png,7
snowman (519).png,7
snowman (52).png,7
snowman (520).png,7
snowman (521).png,7
snowman (522).png,7
snowman (523).png,7
snowman (524).png,7
snowman (525).png,7
snowman (526).png,7
snowman (527).png,7
snowman (528).png,7
snowman (529).png,7
snowman (53).png,7
snowman (530).png,7
snowman (531).png,7
snowman (532).png,7
snowman (533).png,7
snowman (534).png,7
snowman (535).png,7
snowman (536).png,7
snowman (537).png,7
snowman (538).png,7
snowman (539).png,7
snowman (54).png,7
snowman (55).png,7
snowman (56).png,7
snowman (57).png,7
snowman (58).png,7
snowman (59).png,7
snowman (6).png,7
snowman (60).png,7
snowman (61).png,7
snowman (62).png,7
snowman (63).png,7
snowman (64).png,7
snowman (65).png,7
snowman (66).png,7
snowman (67).png,7
snowman (68).png,7
snowman (69).png,7
snowman (7).png,7
snowman (70).png,7
snowman (71).png,7
snowman (72).png,7
snowman (73).png,7
snowman (74).png,7
snowman (75).png,7
snowman (76).png,7
snowman (77).png,7
snowman (78).png,7
snowman (79).png,7
snowman (8).png,7
snowman (80).png,7
snowman (81).png,7
snowman (82).png,7
snowman (83).png,7
snowman (84).png,7
snowman (85).png,7
snowman (86).png,7
snowman (87).png,7
snowman (88).png,7
snowman (89).png,7
snowman (9).png,7
snowman (90).png,7
snowman (91).png,7
snowman (92).png,7
snowman (93).png,7
snowman (94).png,7
snowman (95).png,7
snowman (96).png,7
snowman (97).png,7
snowman (98).png,7
snowman (99).png,7
